question_id,scenario_id,domain,seed,forecaster_id,interface_id,friction_level,forecast_metric,target_metric,executed_metric,target_executed_gap,realized_cost,realized_turnover_or_adjustment,rank_within_forecast_metric,rank_within_executed_metric
Q2,synthetic_q2_stress_v2,synthetic,20,linear_ar,tempered,0.0,-0.044321280628756836,-0.044321280628756836,-0.044321280628756836,0.0,0.0,0.0986030618939308,2,2
Q2,synthetic_q2_stress_v2,synthetic,20,moving_average,tempered,0.0,-0.06258867151585826,-0.06258867151585826,-0.06258867151585826,0.0,0.0,0.039275563132948534,3,3
Q2,synthetic_q2_stress_v2,synthetic,20,naive_last,tempered,0.0,-0.0407688103166143,-0.0407688103166143,-0.0407688103166143,0.0,0.0,0.11407574209356394,1,1
Q2,synthetic_q2_stress_v2,synthetic,20,noisy_overreactive,tempered,0.0,-0.11056937961368349,-0.08943167713810095,-0.08943167713810095,0.0,0.0,0.30671427574940063,4,4
Q2,synthetic_q2_stress_v2,synthetic,20,linear_ar,tempered,0.25,-0.044321280628756836,-0.06897204610223955,-0.09811786298562884,0.029145816883389297,0.007190122928350492,0.02876049171340197,2,3
Q2,synthetic_q2_stress_v2,synthetic,20,moving_average,tempered,0.25,-0.06258867151585826,-0.0724075622990954,-0.13014651815316985,0.05773895585407446,0.006150606534136322,0.02460242613654529,3,4
Q2,synthetic_q2_stress_v2,synthetic,20,naive_last,tempered,0.25,-0.0407688103166143,-0.06928774584000527,-0.08590269097461543,0.016614945134610162,0.007857011926852269,0.031428047707409076,1,2
Q2,synthetic_q2_stress_v2,synthetic,20,noisy_overreactive,tempered,0.25,-0.11056937961368349,-0.16611024607545108,-0.07836599083103388,-0.0877442552444172,0.012424299933292915,0.04969719973317166,4,1
Q2,synthetic_q2_stress_v2,synthetic,20,linear_ar,tempered,0.5,-0.044321280628756836,-0.09362281157572223,-0.11792766092084209,0.024304849345119853,0.013314494206357589,0.026628988412715177,2,3
Q2,synthetic_q2_stress_v2,synthetic,20,moving_average,tempered,0.5,-0.06258867151585826,-0.0822264530823325,-0.1492115306943609,0.0669850776120284,0.011819139867092059,0.023638279734184118,3,4
Q2,synthetic_q2_stress_v2,synthetic,20,naive_last,tempered,0.5,-0.0407688103166143,-0.09780668136339628,-0.10500112990637474,0.00719444854297846,0.014434038159228028,0.028868076318456056,1,2
Q2,synthetic_q2_stress_v2,synthetic,20,noisy_overreactive,tempered,0.5,-0.11056937961368349,-0.24278881501280125,-0.09905389956668736,-0.1437349154461139,0.021512930455180948,0.043025860910361896,4,1
Q2,synthetic_q2_stress_v2,synthetic,20,linear_ar,tempered,1.0,-0.044321280628756836,-0.14292434252268763,-0.1547538804164296,0.01182953789374197,0.023966041744330323,0.023966041744330323,2,3
Q2,synthetic_q2_stress_v2,synthetic,20,moving_average,tempered,1.0,-0.06258867151585826,-0.1018642346488068,-0.18511033166054874,0.08324609701174195,0.022356692318862805,0.022356692318862805,3,4
Q2,synthetic_q2_stress_v2,synthetic,20,naive_last,tempered,1.0,-0.0407688103166143,-0.15484455241017822,-0.14081233897509826,-0.01403221343507996,0.025605176258761228,0.025605176258761228,1,2
Q2,synthetic_q2_stress_v2,synthetic,20,noisy_overreactive,tempered,1.0,-0.11056937961368349,-0.3961459528875016,-0.13625622108575217,-0.25988973180174946,0.03503469194533577,0.03503469194533577,4,1
Q2,synthetic_q2_stress_v2,synthetic,21,linear_ar,tempered,0.0,-0.038348555057663304,-0.038348555057663304,-0.038348555057663304,0.0,0.0,0.0860866901266478,2,2
Q2,synthetic_q2_stress_v2,synthetic,21,moving_average,tempered,0.0,-0.06338639620906045,-0.06338639620906045,-0.06338639620906045,0.0,0.0,0.037293155488027946,3,3
Q2,synthetic_q2_stress_v2,synthetic,21,naive_last,tempered,0.0,-0.03551375641380524,-0.03551375641380524,-0.03551375641380524,0.0,0.0,0.10021357463694901,1,1
Q2,synthetic_q2_stress_v2,synthetic,21,noisy_overreactive,tempered,0.0,-0.08635181583218018,-0.06841020400211388,-0.06841020400211388,0.0,0.0,0.2652250595270132,4,4
Q2,synthetic_q2_stress_v2,synthetic,21,linear_ar,tempered,0.25,-0.038348555057663304,-0.05987022758932525,-0.09429997821238431,0.03442975062305906,0.006887828429886952,0.027551313719547808,2,3
Q2,synthetic_q2_stress_v2,synthetic,21,moving_average,tempered,0.25,-0.06338639620906045,-0.07270968508106744,-0.1294645946935128,0.05675490961244535,0.006002395774071325,0.0240095830962853,3,4
Q2,synthetic_q2_stress_v2,synthetic,21,naive_last,tempered,0.25,-0.03551375641380524,-0.060567150073042496,-0.08474947090603144,0.024182320832988942,0.007490093918997687,0.029960375675990747,1,2
Q2,synthetic_q2_stress_v2,synthetic,21,noisy_overreactive,tempered,0.25,-0.08635181583218018,-0.1347164688838672,-0.07490917068309244,-0.05980729820077477,0.011323967975224133,0.04529587190089653,4,1
Q2,synthetic_q2_stress_v2,synthetic,21,linear_ar,tempered,0.5,-0.038348555057663304,-0.0813919001209872,-0.11369094072084153,0.032299040599854334,0.01292677747502224,0.02585355495004448,2,3
Q2,synthetic_q2_stress_v2,synthetic,21,moving_average,tempered,0.5,-0.06338639620906045,-0.08203297395307443,-0.14803039526330566,0.06599742131023123,0.011663315641551313,0.023326631283102625,3,4
Q2,synthetic_q2_stress_v2,synthetic,21,naive_last,tempered,0.5,-0.03551375641380524,-0.08562054373227973,-0.10347176750827441,0.017851223775994685,0.013905673366387395,0.02781134673277479,1,2
Q2,synthetic_q2_stress_v2,synthetic,21,noisy_overreactive,tempered,0.5,-0.08635181583218018,-0.2010227337656205,-0.09502741325084145,-0.10599532051477904,0.01980163972744485,0.0396032794548897,4,1
Q2,synthetic_q2_stress_v2,synthetic,21,linear_ar,tempered,1.0,-0.038348555057663304,-0.12443524518431111,-0.150076826567362,0.02564158138305088,0.023681214385725693,0.023681214385725693,2,3
Q2,synthetic_q2_stress_v2,synthetic,21,moving_average,tempered,1.0,-0.06338639620906045,-0.1006795516970884,-0.18326560180763415,0.08258605011054575,0.022328135560794143,0.022328135560794143,3,4
Q2,synthetic_q2_stress_v2,synthetic,21,naive_last,tempered,1.0,-0.03551375641380524,-0.13572733105075424,-0.1387854228554863,0.0030580918047320715,0.025061540145296417,0.025061540145296417,1,2
Q2,synthetic_q2_stress_v2,synthetic,21,noisy_overreactive,tempered,1.0,-0.08635181583218018,-0.33363526352912715,-0.13109677304510028,-0.20253849048402686,0.032362126004490115,0.032362126004490115,4,1
Q2,synthetic_q2_stress_v2,synthetic,22,linear_ar,tempered,0.0,-0.04019462662622946,-0.04019462662622946,-0.04019462662622946,0.0,0.0,0.09012776155804537,2,2
Q2,synthetic_q2_stress_v2,synthetic,22,moving_average,tempered,0.0,-0.06753896830010979,-0.06753896830010979,-0.06753896830010979,0.0,0.0,0.039189390205277515,3,3
Q2,synthetic_q2_stress_v2,synthetic,22,naive_last,tempered,0.0,-0.03796214515719541,-0.03796214515719541,-0.03796214515719541,0.0,0.0,0.10501534956788036,1,1
Q2,synthetic_q2_stress_v2,synthetic,22,noisy_overreactive,tempered,0.0,-0.09521096287179315,-0.07714037375139719,-0.07714037375139719,0.0,0.0,0.2859793351073081,4,4
Q2,synthetic_q2_stress_v2,synthetic,22,linear_ar,tempered,0.25,-0.04019462662622946,-0.06272656701574081,-0.0994662753626998,0.036739708346958985,0.007105977988001535,0.02842391195200614,2,3
Q2,synthetic_q2_stress_v2,synthetic,22,moving_average,tempered,0.25,-0.06753896830010979,-0.07733631585142915,-0.1368167816541532,0.05948046580272405,0.0063828523615286495,0.025531409446114598,3,4
Q2,synthetic_q2_stress_v2,synthetic,22,naive_last,tempered,0.25,-0.03796214515719541,-0.0642159825491655,-0.08923755290730069,0.025021570358135195,0.007762067372238298,0.03104826948895319,1,2
Q2,synthetic_q2_stress_v2,synthetic,22,noisy_overreactive,tempered,0.25,-0.09521096287179315,-0.14863520752822426,-0.07855587730072487,-0.07007933022749939,0.011619613882257384,0.04647845552902954,4,1
Q2,synthetic_q2_stress_v2,synthetic,22,linear_ar,tempered,0.5,-0.04019462662622946,-0.08525850740525215,-0.11961723926905218,0.034358731863800035,0.013325114588166587,0.026650229176333175,2,3
Q2,synthetic_q2_stress_v2,synthetic,22,moving_average,tempered,0.5,-0.06753896830010979,-0.08713366340274856,-0.15605528594081244,0.06892162253806389,0.01230014182358406,0.02460028364716812,3,4
Q2,synthetic_q2_stress_v2,synthetic,22,naive_last,tempered,0.5,-0.03796214515719541,-0.09046981994113559,-0.10879228710250774,0.018322467161372147,0.014467600364607666,0.02893520072921533,1,2
Q2,synthetic_q2_stress_v2,synthetic,22,noisy_overreactive,tempered,0.5,-0.09521096287179315,-0.22013004130505126,-0.09935774982950368,-0.12077229147554758,0.020308878680410803,0.040617757360821606,4,1
Q2,synthetic_q2_stress_v2,synthetic,22,linear_ar,tempered,1.0,-0.04019462662622946,-0.13032238818427486,-0.15726616385837253,0.02694377567409767,0.024368771365476046,0.024368771365476046,2,3
Q2,synthetic_q2_stress_v2,synthetic,22,moving_average,tempered,1.0,-0.06753896830010979,-0.1067283585053873,-0.19224369913195213,0.08551534062656484,0.023186996382424902,0.023186996382424902,3,4
Q2,synthetic_q2_stress_v2,synthetic,22,naive_last,tempered,1.0,-0.03796214515719541,-0.14297749472507573,-0.14543483222612597,0.002457337501050233,0.026006615569511206,0.026006615569511206,1,2
Q2,synthetic_q2_stress_v2,synthetic,22,noisy_overreactive,tempered,1.0,-0.09521096287179315,-0.3631197088587053,-0.13725726343257783,-0.2258624454261275,0.03379378896557674,0.03379378896557674,4,1
Q2,synthetic_q2_stress_v2,synthetic,23,linear_ar,tempered,0.0,-0.04269706201471365,-0.04269706201471365,-0.04269706201471365,0.0,0.0,0.0942940703410318,2,2
Q2,synthetic_q2_stress_v2,synthetic,23,moving_average,tempered,0.0,-0.068077618855715,-0.068077618855715,-0.068077618855715,0.0,0.0,0.039919935573468145,3,3
Q2,synthetic_q2_stress_v2,synthetic,23,naive_last,tempered,0.0,-0.03965681545559135,-0.03965681545559135,-0.03965681545559135,0.0,0.0,0.11035988052988137,1,1
Q2,synthetic_q2_stress_v2,synthetic,23,noisy_overreactive,tempered,0.0,-0.09664187640347016,-0.0782733611766538,-0.0782733611766538,0.0,0.0,0.2889460609444055,4,4
Q2,synthetic_q2_stress_v2,synthetic,23,linear_ar,tempered,0.25,-0.04269706201471365,-0.06627057959997161,-0.10143325988213568,0.03516268028216407,0.007125459828966371,0.028501839315865484,2,3
Q2,synthetic_q2_stress_v2,synthetic,23,moving_average,tempered,0.25,-0.068077618855715,-0.07805760274908205,-0.13478079864010759,0.056723195891025535,0.006116185383926395,0.02446474153570558,3,4
Q2,synthetic_q2_stress_v2,synthetic,23,naive_last,tempered,0.25,-0.03965681545559135,-0.06724678558806169,-0.0892886983027082,0.02204191271464652,0.007810404059443974,0.031241616237775896,1,2
Q2,synthetic_q2_stress_v2,synthetic,23,noisy_overreactive,tempered,0.25,-0.09664187640347016,-0.15050987641275518,-0.07969107077214975,-0.07081880564060543,0.011834885343020156,0.04733954137208062,4,1
Q2,synthetic_q2_stress_v2,synthetic,23,linear_ar,tempered,0.5,-0.04269706201471365,-0.08984409718522954,-0.12151810838539732,0.03167401120016779,0.01328083861778004,0.02656167723556008,2,3
Q2,synthetic_q2_stress_v2,synthetic,23,moving_average,tempered,0.5,-0.068077618855715,-0.08803758664244908,-0.15402458434575902,0.06598699770330994,0.011813959290169266,0.023627918580338532,3,4
Q2,synthetic_q2_stress_v2,synthetic,23,naive_last,tempered,0.5,-0.03965681545559135,-0.09483675572053206,-0.10862312180085341,0.013786366080321355,0.014396867885757659,0.028793735771515318,1,2
Q2,synthetic_q2_stress_v2,synthetic,23,noisy_overreactive,tempered,0.5,-0.09664187640347016,-0.22274639164885654,-0.10048935449502089,-0.12225703715383565,0.02062381316428751,0.04124762632857502,4,1
Q2,synthetic_q2_stress_v2,synthetic,23,linear_ar,tempered,1.0,-0.04269706201471365,-0.13699113235574545,-0.15925265512527215,0.022261522769526698,0.02421109776342567,0.02421109776342567,2,3
Q2,synthetic_q2_stress_v2,synthetic,23,moving_average,tempered,1.0,-0.068077618855715,-0.10799755442918316,-0.19076374620859707,0.08276619177941391,0.02266018536946495,0.02266018536946495,3,4
Q2,synthetic_q2_stress_v2,synthetic,23,naive_last,tempered,1.0,-0.03965681545559135,-0.15001669598547274,-0.14514375331688475,-0.004872942668587982,0.025727096374057578,0.025727096374057578,1,2
Q2,synthetic_q2_stress_v2,synthetic,23,noisy_overreactive,tempered,1.0,-0.09664187640347016,-0.36721942212105935,-0.13822506610680532,-0.22899435601425402,0.0339174382699994,0.0339174382699994,4,1
Q2,synthetic_q2_stress_v2,synthetic,24,linear_ar,tempered,0.0,-0.03618272877269127,-0.03618272877269127,-0.03618272877269127,0.0,0.0,0.09824707559592519,2,2
Q2,synthetic_q2_stress_v2,synthetic,24,moving_average,tempered,0.0,-0.06069051439016895,-0.06069051439016895,-0.06069051439016895,0.0,0.0,0.03847958838312594,3,3
Q2,synthetic_q2_stress_v2,synthetic,24,naive_last,tempered,0.0,-0.034225056646019984,-0.034225056646019984,-0.034225056646019984,0.0,0.0,0.11265447515737496,1,1
Q2,synthetic_q2_stress_v2,synthetic,24,noisy_overreactive,tempered,0.0,-0.08428667238695006,-0.07437494361165418,-0.07437494361165418,0.0,0.0,0.30799837877259717,4,4
Q2,synthetic_q2_stress_v2,synthetic,24,linear_ar,tempered,0.25,-0.03618272877269127,-0.06074449767167256,-0.09075915401834493,0.030014656346672372,0.006938231680744604,0.027752926722978417,2,3
Q2,synthetic_q2_stress_v2,synthetic,24,moving_average,tempered,0.25,-0.06069051439016895,-0.07031041148595045,-0.12583800032898354,0.05552758884303309,0.005840058962969338,0.023360235851877353,3,4
Q2,synthetic_q2_stress_v2,synthetic,24,naive_last,tempered,0.25,-0.034225056646019984,-0.06238867543536373,-0.08232180438204727,0.01993312894668354,0.007540205963262064,0.030160823853048257,1,2
Q2,synthetic_q2_stress_v2,synthetic,24,noisy_overreactive,tempered,0.25,-0.08428667238695006,-0.1513745383048035,-0.07100821233446969,-0.0803663259703338,0.01203436249288992,0.04813744997155968,4,1
Q2,synthetic_q2_stress_v2,synthetic,24,linear_ar,tempered,0.5,-0.03618272877269127,-0.08530626657065386,-0.10989714552710834,0.02459087895645448,0.012921089141100258,0.025842178282200517,2,3
Q2,synthetic_q2_stress_v2,synthetic,24,moving_average,tempered,0.5,-0.06069051439016895,-0.07993030858173192,-0.14425242848043476,0.06432211989870285,0.01132884577623931,0.02265769155247862,3,4
Q2,synthetic_q2_stress_v2,synthetic,24,naive_last,tempered,0.5,-0.034225056646019984,-0.09055229422470747,-0.10090385420426201,0.010351559979554545,0.01391414509639441,0.02782829019278882,1,2
Q2,synthetic_q2_stress_v2,synthetic,24,noisy_overreactive,tempered,0.5,-0.08428667238695006,-0.22837413299795278,-0.09120698366756648,-0.13716714933038632,0.02094017556054166,0.04188035112108332,4,1
Q2,synthetic_q2_stress_v2,synthetic,24,linear_ar,tempered,1.0,-0.03618272877269127,-0.13442980436861646,-0.1457153670348126,0.011285562666196153,0.023390998046041687,0.023390998046041687,2,3
Q2,synthetic_q2_stress_v2,synthetic,24,moving_average,tempered,1.0,-0.06069051439016895,-0.0991701027732949,-0.1791531338004703,0.0799830310271754,0.021626151581072544,0.021626151581072544,3,4
Q2,synthetic_q2_stress_v2,synthetic,24,naive_last,tempered,1.0,-0.034225056646019984,-0.14687953180339494,-0.13580358861737993,-0.011075943186015014,0.024790684992020796,0.024790684992020796,1,2
Q2,synthetic_q2_stress_v2,synthetic,24,noisy_overreactive,tempered,1.0,-0.08428667238695006,-0.3823733223842514,-0.12753578982141917,-0.25483753256283226,0.03419422387592422,0.03419422387592422,4,1
Q2,synthetic_q2_stress_v2,synthetic,25,linear_ar,tempered,0.0,-0.04631109675341956,-0.04631109675341956,-0.04631109675341956,0.0,0.0,0.09630900377490614,2,2
Q2,synthetic_q2_stress_v2,synthetic,25,moving_average,tempered,0.0,-0.06869184412292449,-0.06869184412292449,-0.06869184412292449,0.0,0.0,0.03914099543674408,3,3
Q2,synthetic_q2_stress_v2,synthetic,25,naive_last,tempered,0.0,-0.04251148166231504,-0.04251148166231504,-0.04251148166231504,0.0,0.0,0.10475443556580002,1,1
Q2,synthetic_q2_stress_v2,synthetic,25,noisy_overreactive,tempered,0.0,-0.1080570234573933,-0.08394592350193004,-0.08394592350193004,0.0,0.0,0.2861428512609789,4,4
Q2,synthetic_q2_stress_v2,synthetic,25,linear_ar,tempered,0.25,-0.04631109675341956,-0.0703883476971461,-0.10333300709155478,0.03294465939440869,0.007351585233048933,0.029406340932195733,2,3
Q2,synthetic_q2_stress_v2,synthetic,25,moving_average,tempered,0.25,-0.06869184412292449,-0.0784770929821105,-0.13815691262369534,0.059679819641584836,0.006385801008277135,0.02554320403310854,3,4
Q2,synthetic_q2_stress_v2,synthetic,25,naive_last,tempered,0.25,-0.04251148166231504,-0.06870009055376504,-0.09118358058492679,0.02248349003116175,0.007718598272042325,0.0308743930881693,1,2
Q2,synthetic_q2_stress_v2,synthetic,25,noisy_overreactive,tempered,0.25,-0.1080570234573933,-0.1554816363171748,-0.08271765965540409,-0.0727639766617707,0.011540298963580647,0.04616119585432259,4,1
Q2,synthetic_q2_stress_v2,synthetic,25,linear_ar,tempered,0.5,-0.04631109675341956,-0.09446559864087263,-0.1239205338634437,0.029454935222571074,0.013743633201345353,0.027487266402690707,2,3
Q2,synthetic_q2_stress_v2,synthetic,25,moving_average,tempered,0.5,-0.06869184412292449,-0.08826234184129653,-0.1579661817386166,0.06970383989732007,0.012332465258948717,0.024664930517897435,3,4
Q2,synthetic_q2_stress_v2,synthetic,25,naive_last,tempered,0.5,-0.04251148166231504,-0.09488869944521507,-0.11089362379252189,0.016004924347306826,0.014388218976314681,0.028776437952629363,1,2
Q2,synthetic_q2_stress_v2,synthetic,25,noisy_overreactive,tempered,0.5,-0.1080570234573933,-0.22701734913241947,-0.10363328358462388,-0.12338406554779559,0.020156795633627343,0.040313591267254686,4,1
Q2,synthetic_q2_stress_v2,synthetic,25,linear_ar,tempered,1.0,-0.04631109675341956,-0.14262010052832572,-0.16235733043814699,0.01973722990982127,0.02496173932568159,0.02496173932568159,2,3
Q2,synthetic_q2_stress_v2,synthetic,25,moving_average,tempered,1.0,-0.06869184412292449,-0.10783283955966858,-0.1953711933020657,0.08753835374239713,0.02346674489890865,0.02346674489890865,3,4
Q2,synthetic_q2_stress_v2,synthetic,25,naive_last,tempered,1.0,-0.04251148166231504,-0.14726591722811508,-0.1480473669534679,0.000781449725352823,0.025907547047665822,0.025907547047665822,1,2
Q2,synthetic_q2_stress_v2,synthetic,25,noisy_overreactive,tempered,1.0,-0.1080570234573933,-0.37008877476290897,-0.1414132109233133,-0.22867556383959567,0.03303434213313711,0.03303434213313711,4,1
Q2,synthetic_q2_stress_v2,synthetic,26,linear_ar,tempered,0.0,-0.04015176384769577,-0.04015176384769577,-0.04015176384769577,0.0,0.0,0.09893857827954258,2,2
Q2,synthetic_q2_stress_v2,synthetic,26,moving_average,tempered,0.0,-0.06420965774686521,-0.06420965774686521,-0.06420965774686521,0.0,0.0,0.04115080985887176,3,3
Q2,synthetic_q2_stress_v2,synthetic,26,naive_last,tempered,0.0,-0.038618616409061994,-0.038618616409061994,-0.038618616409061994,0.0,0.0,0.11434320709684188,1,1
Q2,synthetic_q2_stress_v2,synthetic,26,noisy_overreactive,tempered,0.0,-0.10072806508920701,-0.08025138295674442,-0.08025138295674442,0.0,0.0,0.3053837598814911,4,4
Q2,synthetic_q2_stress_v2,synthetic,26,linear_ar,tempered,0.25,-0.04015176384769577,-0.0648864084175814,-0.0964110846646164,0.03152467624703499,0.0072401391418165815,0.028960556567266326,2,3
Q2,synthetic_q2_stress_v2,synthetic,26,moving_average,tempered,0.25,-0.06420965774686521,-0.07449736021158317,-0.1316529292732516,0.057155569061668424,0.006229043916535987,0.024916175666143948,3,4
Q2,synthetic_q2_stress_v2,synthetic,26,naive_last,tempered,0.25,-0.038618616409061994,-0.06720441818327248,-0.08647867108762176,0.01927425290434928,0.007876422698771979,0.031505690795087915,1,2
Q2,synthetic_q2_stress_v2,synthetic,26,noisy_overreactive,tempered,0.25,-0.10072806508920701,-0.1565973229271172,-0.07782841152482695,-0.07876891140229025,0.012338230997654132,0.049352923990616526,4,1
Q2,synthetic_q2_stress_v2,synthetic,26,linear_ar,tempered,0.5,-0.04015176384769577,-0.08962105298746706,-0.11607004522514106,0.026448992237673996,0.01336152959416669,0.02672305918833338,2,3
Q2,synthetic_q2_stress_v2,synthetic,26,moving_average,tempered,0.5,-0.06420965774686521,-0.08478506267630109,-0.1504697484760165,0.0656846857997154,0.012013720483394151,0.024027440966788303,3,4
Q2,synthetic_q2_stress_v2,synthetic,26,naive_last,tempered,0.5,-0.038618616409061994,-0.09579021995748295,-0.10544302653111423,0.009652806573631281,0.014410259600186714,0.02882051920037343,1,2
Q2,synthetic_q2_stress_v2,synthetic,26,noisy_overreactive,tempered,0.5,-0.10072806508920701,-0.23294326289748998,-0.09860094762131114,-0.13434231527617885,0.021394208911366095,0.04278841782273219,4,1
Q2,synthetic_q2_stress_v2,synthetic,26,linear_ar,tempered,1.0,-0.04015176384769577,-0.13909034212723836,-0.15270808472048655,0.013617742593248189,0.024164990064975612,0.024164990064975612,2,3
Q2,synthetic_q2_stress_v2,synthetic,26,moving_average,tempered,1.0,-0.06420965774686521,-0.10536046760573697,-0.18597184974831052,0.08061138214257355,0.022855835470968613,0.022855835470968613,3,4
Q2,synthetic_q2_stress_v2,synthetic,26,naive_last,tempered,1.0,-0.038618616409061994,-0.15296182350590387,-0.1408885363158159,-0.012073287190087961,0.025544797444194398,0.025544797444194398,1,2
Q2,synthetic_q2_stress_v2,synthetic,26,noisy_overreactive,tempered,1.0,-0.10072806508920701,-0.38563514283823547,-0.1356736116743065,-0.24996153116392897,0.034833481200578824,0.034833481200578824,4,1
Q2,synthetic_q2_stress_v2,synthetic,27,linear_ar,tempered,0.0,-0.03679908206276939,-0.03679908206276939,-0.03679908206276939,0.0,0.0,0.09208724606775777,2,2
Q2,synthetic_q2_stress_v2,synthetic,27,moving_average,tempered,0.0,-0.06175003304198979,-0.06175003304198979,-0.06175003304198979,0.0,0.0,0.03922751323176228,3,3
Q2,synthetic_q2_stress_v2,synthetic,27,naive_last,tempered,0.0,-0.03476484005459946,-0.03476484005459946,-0.03476484005459946,0.0,0.0,0.10962555899187282,1,1
Q2,synthetic_q2_stress_v2,synthetic,27,noisy_overreactive,tempered,0.0,-0.08874212830094953,-0.07230710023482904,-0.07230710023482904,0.0,0.0,0.29563284285019104,4,4
Q2,synthetic_q2_stress_v2,synthetic,27,linear_ar,tempered,0.25,-0.03679908206276939,-0.05982089357970885,-0.09435856865569961,0.03453767507599076,0.0071563508339947315,0.028625403335978926,2,3
Q2,synthetic_q2_stress_v2,synthetic,27,moving_average,tempered,0.25,-0.06175003304198979,-0.07155691134993036,-0.1294200398812161,0.057863128531285724,0.006159741324811024,0.024638965299244097,3,4
Q2,synthetic_q2_stress_v2,synthetic,27,naive_last,tempered,0.25,-0.03476484005459946,-0.06217122980256767,-0.08401967076500755,0.02184844096243988,0.007752669991979211,0.031010679967916843,1,2
Q2,synthetic_q2_stress_v2,synthetic,27,noisy_overreactive,tempered,0.25,-0.08874212830094953,-0.14621531094737683,-0.07386417695599914,-0.07235113399137769,0.01198348648628533,0.04793394594514132,4,1
Q2,synthetic_q2_stress_v2,synthetic,27,linear_ar,tempered,0.5,-0.03679908206276939,-0.08284270509664828,-0.11419080714494335,0.03134810204829508,0.013350338484011095,0.02670067696802219,2,3
Q2,synthetic_q2_stress_v2,synthetic,27,moving_average,tempered,0.5,-0.06175003304198979,-0.08136378965787093,-0.14840183342820878,0.06703804377033785,0.011908484005821254,0.023816968011642507,3,4
Q2,synthetic_q2_stress_v2,synthetic,27,naive_last,tempered,0.5,-0.03476484005459946,-0.08957761955053586,-0.1031658803164454,0.013588260765909535,0.014315030282995156,0.028630060565990312,1,2
Q2,synthetic_q2_stress_v2,synthetic,27,noisy_overreactive,tempered,0.5,-0.08874212830094953,-0.22012352165992458,-0.09461114840125608,-0.12551237325866849,0.020946146653276564,0.04189229330655313,4,1
Q2,synthetic_q2_stress_v2,synthetic,27,linear_ar,tempered,1.0,-0.03679908206276939,-0.12888632813052717,-0.15100018886158978,0.022113860731062612,0.02405579021927838,0.02405579021927838,2,3
Q2,synthetic_q2_stress_v2,synthetic,27,moving_average,tempered,1.0,-0.06175003304198979,-0.10097754627375208,-0.1843087415505226,0.08333119527677052,0.022667257986346206,0.022667257986346206,3,4
Q2,synthetic_q2_stress_v2,synthetic,27,naive_last,tempered,1.0,-0.03476484005459946,-0.14439039904647227,-0.13902956668709693,-0.005360832359375345,0.025491005452037956,0.025491005452037956,1,2
Q2,synthetic_q2_stress_v2,synthetic,27,noisy_overreactive,tempered,1.0,-0.08874212830094953,-0.36793994308502015,-0.13192629401567166,-0.2360136490693485,0.03438141026887885,0.03438141026887885,4,1
Q2,synthetic_q2_stress_v2,synthetic,28,linear_ar,tempered,0.0,-0.04154215544827993,-0.04154215544827993,-0.04154215544827993,0.0,0.0,0.09745575575083111,2,2
Q2,synthetic_q2_stress_v2,synthetic,28,moving_average,tempered,0.0,-0.0633573570092763,-0.0633573570092763,-0.0633573570092763,0.0,0.0,0.038032837491971686,3,3
Q2,synthetic_q2_stress_v2,synthetic,28,naive_last,tempered,0.0,-0.039360402086236285,-0.039360402086236285,-0.039360402086236285,0.0,0.0,0.11198679774312449,1,1
Q2,synthetic_q2_stress_v2,synthetic,28,noisy_overreactive,tempered,0.0,-0.10145929974128978,-0.0843168471200995,-0.0843168471200995,0.0,0.0,0.3092458533272229,4,4
Q2,synthetic_q2_stress_v2,synthetic,28,linear_ar,tempered,0.25,-0.04154215544827993,-0.0659060943859877,-0.09630993247041514,0.03040383808442744,0.0071005051463308745,0.028402020585323498,2,3
Q2,synthetic_q2_stress_v2,synthetic,28,moving_average,tempered,0.25,-0.0633573570092763,-0.07286556638226924,-0.12846311510745728,0.055597548725188045,0.006035927662512679,0.024143710650050717,3,4
Q2,synthetic_q2_stress_v2,synthetic,28,naive_last,tempered,0.25,-0.039360402086236285,-0.0673571015220174,-0.08525829001898808,0.01790118849697067,0.007698582823500072,0.030794331294000287,1,2
Q2,synthetic_q2_stress_v2,synthetic,28,noisy_overreactive,tempered,0.25,-0.10145929974128978,-0.16162831045190523,-0.07670374221088776,-0.08492456824101748,0.012072070387634385,0.04828828155053754,4,1
Q2,synthetic_q2_stress_v2,synthetic,28,linear_ar,tempered,0.5,-0.04154215544827993,-0.09027003332369547,-0.11589041673696217,0.025620383413266695,0.013244308353876163,0.026488616707752325,2,3
Q2,synthetic_q2_stress_v2,synthetic,28,moving_average,tempered,0.5,-0.0633573570092763,-0.08237377575526215,-0.1473583643173265,0.06498458856206434,0.011722421281888776,0.023444842563777553,3,4
Q2,synthetic_q2_stress_v2,synthetic,28,naive_last,tempered,0.5,-0.039360402086236285,-0.09535380095779854,-0.10403325006066383,0.008679449102865291,0.01417982928046115,0.0283596585609223,1,2
Q2,synthetic_q2_stress_v2,synthetic,28,noisy_overreactive,tempered,0.5,-0.10145929974128978,-0.23893977378371095,-0.09716119853578624,-0.1417785752479247,0.021084011248717414,0.04216802249743483,4,1
Q2,synthetic_q2_stress_v2,synthetic,28,linear_ar,tempered,1.0,-0.04154215544827993,-0.13899791119911106,-0.15265362341841887,0.013655712219307808,0.024151385686659043,0.024151385686659043,2,3
Q2,synthetic_q2_stress_v2,synthetic,28,moving_average,tempered,1.0,-0.0633573570092763,-0.10139019450124802,-0.18312055286562046,0.08173035836437244,0.022394299232554406,0.022394299232554406,3,4
Q2,synthetic_q2_stress_v2,synthetic,28,naive_last,tempered,1.0,-0.039360402086236285,-0.15134719982936082,-0.13953019229359112,-0.011817007535769697,0.025405512878823238,0.025405512878823238,1,2
Q2,synthetic_q2_stress_v2,synthetic,28,noisy_overreactive,tempered,1.0,-0.10145929974128978,-0.3935627004473224,-0.1341626583004936,-0.25940004214682877,0.034694525622354526,0.034694525622354526,4,1
Q2,synthetic_q2_stress_v2,synthetic,29,linear_ar,tempered,0.0,-0.04485736235026452,-0.04485736235026452,-0.04485736235026452,0.0,0.0,0.1035440933174239,2,2
Q2,synthetic_q2_stress_v2,synthetic,29,moving_average,tempered,0.0,-0.0670335441126392,-0.0670335441126392,-0.0670335441126392,0.0,0.0,0.03857628648162784,3,3
Q2,synthetic_q2_stress_v2,synthetic,29,naive_last,tempered,0.0,-0.04300412890550058,-0.04300412890550058,-0.04300412890550058,0.0,0.0,0.11170338689762879,1,1
Q2,synthetic_q2_stress_v2,synthetic,29,noisy_overreactive,tempered,0.0,-0.11432048381473833,-0.08996600311415176,-0.08996600311415176,0.0,0.0,0.3042871149425338,4,4
Q2,synthetic_q2_stress_v2,synthetic,29,linear_ar,tempered,0.25,-0.04485736235026452,-0.07074338567962049,-0.09876641643347085,0.02802303075385036,0.007270440279487461,0.029081761117949845,2,3
Q2,synthetic_q2_stress_v2,synthetic,29,moving_average,tempered,0.25,-0.0670335441126392,-0.07667761573304617,-0.13411563078445,0.05743801505140382,0.0061962204690466285,0.024784881876186514,3,4
Q2,synthetic_q2_stress_v2,synthetic,29,naive_last,tempered,0.25,-0.04300412890550058,-0.07092997562990777,-0.08886427716446499,0.017934301534557218,0.007722878819411753,0.03089151527764701,1,2
Q2,synthetic_q2_stress_v2,synthetic,29,noisy_overreactive,tempered,0.25,-0.11432048381473833,-0.1660377818497852,-0.08101120150598623,-0.08502658034379898,0.011823272358888411,0.047293089435553645,4,1
Q2,synthetic_q2_stress_v2,synthetic,29,linear_ar,tempered,0.5,-0.04485736235026452,-0.09662940900897646,-0.11879862902791573,0.02216922001893927,0.013498452743205039,0.026996905486410077,2,3
Q2,synthetic_q2_stress_v2,synthetic,29,moving_average,tempered,0.5,-0.0670335441126392,-0.08632168735345311,-0.1533697827409423,0.06704809538748918,0.011992577309296875,0.02398515461859375,3,4
Q2,synthetic_q2_stress_v2,synthetic,29,naive_last,tempered,0.5,-0.04300412890550058,-0.09885582235431499,-0.10806336581111181,0.009207543456796821,0.014282206830955841,0.028564413661911682,1,2
Q2,synthetic_q2_stress_v2,synthetic,29,noisy_overreactive,tempered,0.5,-0.11432048381473833,-0.24210956058541866,-0.10164529971829893,-0.14046426086711972,0.020660123637246994,0.04132024727449399,4,1
Q2,synthetic_q2_stress_v2,synthetic,29,linear_ar,tempered,1.0,-0.04485736235026452,-0.1484014556676884,-0.15637176135535777,0.007970305687669377,0.02444438939897209,0.02444438939897209,2,3
Q2,synthetic_q2_stress_v2,synthetic,29,moving_average,tempered,1.0,-0.0670335441126392,-0.10560983059426703,-0.18989597913971992,0.0842861485454529,0.022890564354499734,0.022890564354499734,3,4
Q2,synthetic_q2_stress_v2,synthetic,29,naive_last,tempered,1.0,-0.04300412890550058,-0.15470751580312936,-0.14424336263826182,-0.01046415316486754,0.02552214586180893,0.02552214586180893,1,2
Q2,synthetic_q2_stress_v2,synthetic,29,noisy_overreactive,tempered,1.0,-0.11432048381473833,-0.3942531180566855,-0.13891791478272103,-0.2553352032739645,0.0338639805782244,0.0338639805782244,4,1
Q2,synthetic_q2_stress_v2,synthetic,30,linear_ar,tempered,0.0,-0.03747053344131608,-0.03747053344131608,-0.03747053344131608,0.0,0.0,0.09640848090254513,2,2
Q2,synthetic_q2_stress_v2,synthetic,30,moving_average,tempered,0.0,-0.06230668592257437,-0.06230668592257437,-0.06230668592257437,0.0,0.0,0.03838565243281926,3,3
Q2,synthetic_q2_stress_v2,synthetic,30,naive_last,tempered,0.0,-0.035385302545034074,-0.035385302545034074,-0.035385302545034074,0.0,0.0,0.11078553518400189,1,1
Q2,synthetic_q2_stress_v2,synthetic,30,noisy_overreactive,tempered,0.0,-0.0890580491944795,-0.07384081833270141,-0.07384081833270141,0.0,0.0,0.2989452873344439,4,4
Q2,synthetic_q2_stress_v2,synthetic,30,linear_ar,tempered,0.25,-0.03747053344131608,-0.06157265366695235,-0.09468709186974929,0.033114438202796935,0.007163689773718788,0.02865475909487515,2,3
Q2,synthetic_q2_stress_v2,synthetic,30,moving_average,tempered,0.25,-0.06230668592257437,-0.07190309903077917,-0.13097531890042338,0.05907221986964421,0.006280995792883659,0.025123983171534636,3,4
Q2,synthetic_q2_stress_v2,synthetic,30,naive_last,tempered,0.25,-0.035385302545034074,-0.06308168634103456,-0.0850188482896178,0.021937161948583236,0.0077131451360487185,0.030852580544194874,1,2
Q2,synthetic_q2_stress_v2,synthetic,30,noisy_overreactive,tempered,0.25,-0.0890580491944795,-0.14857714016631238,-0.07426451287426578,-0.0743126272920466,0.011819234195299344,0.047276936781197376,4,1
Q2,synthetic_q2_stress_v2,synthetic,30,linear_ar,tempered,0.5,-0.03747053344131608,-0.08567477389258864,-0.1145047067640619,0.028829932871473257,0.013402021317492642,0.026804042634985283,2,3
Q2,synthetic_q2_stress_v2,synthetic,30,moving_average,tempered,0.5,-0.06230668592257437,-0.08149951213898401,-0.1500077006544008,0.06850818851541679,0.012056434412685795,0.02411286882537159,3,4
Q2,synthetic_q2_stress_v2,synthetic,30,naive_last,tempered,0.5,-0.035385302545034074,-0.09077807013703504,-0.10423262404170144,0.013454553904666405,0.014283472981807878,0.028566945963615756,1,2
Q2,synthetic_q2_stress_v2,synthetic,30,noisy_overreactive,tempered,0.5,-0.0890580491944795,-0.22331346199992336,-0.09490564782548429,-0.12840781417443908,0.020633956445671578,0.041267912891343156,4,1
Q2,synthetic_q2_stress_v2,synthetic,30,linear_ar,tempered,1.0,-0.03747053344131608,-0.13387901434386118,-0.15118885725647868,0.0173098429126175,0.024231838285940947,0.024231838285940947,2,3
Q2,synthetic_q2_stress_v2,synthetic,30,moving_average,tempered,1.0,-0.06230668592257437,-0.10069233835539362,-0.18561968258252712,0.0849273442271335,0.022764240453804912,0.022764240453804912,3,4
Q2,synthetic_q2_stress_v2,synthetic,30,naive_last,tempered,1.0,-0.035385302545034074,-0.146170837729036,-0.14014203072107054,-0.006028807007965459,0.0255893981695955,0.0255893981695955,1,2
Q2,synthetic_q2_stress_v2,synthetic,30,noisy_overreactive,tempered,1.0,-0.0890580491944795,-0.37278610566714543,-0.13192788519615947,-0.24085822047098596,0.03382075043412479,0.03382075043412479,4,1
Q2,synthetic_q2_stress_v2,synthetic,31,linear_ar,tempered,0.0,-0.036208441421160205,-0.036208441421160205,-0.036208441421160205,0.0,0.0,0.08975198898254132,2,2
Q2,synthetic_q2_stress_v2,synthetic,31,moving_average,tempered,0.0,-0.06106810588038427,-0.06106810588038427,-0.06106810588038427,0.0,0.0,0.036685627611676444,3,3
Q2,synthetic_q2_stress_v2,synthetic,31,naive_last,tempered,0.0,-0.0335078390825891,-0.0335078390825891,-0.0335078390825891,0.0,0.0,0.10129424870936504,1,1
Q2,synthetic_q2_stress_v2,synthetic,31,noisy_overreactive,tempered,0.0,-0.0826003965832452,-0.067709630438189,-0.067709630438189,0.0,0.0,0.2714604249134311,4,4
Q2,synthetic_q2_stress_v2,synthetic,31,linear_ar,tempered,0.25,-0.036208441421160205,-0.05864643866679554,-0.09365292334128075,0.035006484674485215,0.0070554566946623804,0.028221826778649522,2,3
Q2,synthetic_q2_stress_v2,synthetic,31,moving_average,tempered,0.25,-0.06106810588038427,-0.07023951278330337,-0.12965659364030604,0.059417080857002674,0.006105141050207058,0.02442056420082823,3,4
Q2,synthetic_q2_stress_v2,synthetic,31,naive_last,tempered,0.25,-0.0335078390825891,-0.05883140125993037,-0.08397010953192292,0.025138708271992556,0.00751417712369418,0.03005670849477672,1,2
Q2,synthetic_q2_stress_v2,synthetic,31,noisy_overreactive,tempered,0.25,-0.0826003965832452,-0.13557473666654682,-0.0728944857588417,-0.06268025090770511,0.011434398250900377,0.04573759300360151,4,1
Q2,synthetic_q2_stress_v2,synthetic,31,linear_ar,tempered,0.5,-0.036208441421160205,-0.08108443591243088,-0.1138362841187555,0.032751848206324624,0.013226741499015043,0.026453482998030086,2,3
Q2,synthetic_q2_stress_v2,synthetic,31,moving_average,tempered,0.5,-0.06106810588038427,-0.07941091968622248,-0.1495527956410731,0.07014187595485062,0.011937021624868878,0.023874043249737756,3,4
Q2,synthetic_q2_stress_v2,synthetic,31,naive_last,tempered,0.5,-0.0335078390825891,-0.08415496343727162,-0.10345808520215899,0.019303121764887368,0.013945612487560674,0.027891224975121347,1,2
Q2,synthetic_q2_stress_v2,synthetic,31,noisy_overreactive,tempered,0.5,-0.0826003965832452,-0.20343984289490458,-0.09365382269672112,-0.10978602019818345,0.020028882567255303,0.040057765134510606,4,1
Q2,synthetic_q2_stress_v2,synthetic,31,linear_ar,tempered,1.0,-0.036208441421160205,-0.12596043040370153,-0.1519235668427541,0.02596313643905257,0.024331200654788738,0.024331200654788738,2,3
Q2,synthetic_q2_stress_v2,synthetic,31,moving_average,tempered,1.0,-0.06106810588038427,-0.0977537334920607,-0.18722112340457572,0.08946738991251503,0.023022601398057157,0.023022601398057157,3,4
Q2,synthetic_q2_stress_v2,synthetic,31,naive_last,tempered,1.0,-0.0335078390825891,-0.13480208779195416,-0.14050580146851252,0.005703713676558364,0.025306536912264463,0.025306536912264463,1,2
Q2,synthetic_q2_stress_v2,synthetic,31,noisy_overreactive,tempered,1.0,-0.0826003965832452,-0.3391700553516201,-0.13154602745861757,-0.20762402789300252,0.03317587275949432,0.03317587275949432,4,1
Q2,synthetic_q2_stress_v2,synthetic,32,linear_ar,tempered,0.0,-0.04173119067646322,-0.04173119067646322,-0.04173119067646322,0.0,0.0,0.0930036040456358,2,2
Q2,synthetic_q2_stress_v2,synthetic,32,moving_average,tempered,0.0,-0.06532608106002642,-0.06532608106002642,-0.06532608106002642,0.0,0.0,0.03784290427528263,3,3
Q2,synthetic_q2_stress_v2,synthetic,32,naive_last,tempered,0.0,-0.03966808699451718,-0.03966808699451718,-0.03966808699451718,0.0,0.0,0.10834459433063692,1,1
Q2,synthetic_q2_stress_v2,synthetic,32,noisy_overreactive,tempered,0.0,-0.10015568231304083,-0.08158543737494238,-0.08158543737494238,0.0,0.0,0.28566036179214827,4,4
Q2,synthetic_q2_stress_v2,synthetic,32,linear_ar,tempered,0.25,-0.04173119067646322,-0.06498209168787218,-0.0964442401010588,0.03146214841318662,0.007007566754450248,0.02803026701780099,2,3
Q2,synthetic_q2_stress_v2,synthetic,32,moving_average,tempered,0.25,-0.06532608106002642,-0.07478680712884708,-0.13128885397075882,0.056502046841911735,0.006059976570053698,0.02423990628021479,3,4
Q2,synthetic_q2_stress_v2,synthetic,32,naive_last,tempered,0.25,-0.03966808699451718,-0.06675423557717641,-0.08687489145587195,0.020120655878695534,0.007631886439633689,0.030527545758534756,1,2
Q2,synthetic_q2_stress_v2,synthetic,32,noisy_overreactive,tempered,0.25,-0.10015568231304083,-0.15300052782297946,-0.07812896035614912,-0.07487156746683034,0.011570985445939574,0.046283941783758296,4,1
Q2,synthetic_q2_stress_v2,synthetic,32,linear_ar,tempered,0.5,-0.04173119067646322,-0.08823299269928112,-0.11633577539126394,0.028102782691982825,0.013160081942066085,0.02632016388413217,2,3
Q2,synthetic_q2_stress_v2,synthetic,32,moving_average,tempered,0.5,-0.06532608106002642,-0.08424753319766773,-0.1505127944671785,0.06626526126951077,0.011788935537784115,0.02357787107556823,3,4
Q2,synthetic_q2_stress_v2,synthetic,32,naive_last,tempered,0.5,-0.03966808699451718,-0.09384038415983563,-0.10602651526303374,0.012186131103198106,0.014204053833091755,0.02840810766618351,1,2
Q2,synthetic_q2_stress_v2,synthetic,32,noisy_overreactive,tempered,0.5,-0.10015568231304083,-0.2244156182710165,-0.09849296554014672,-0.12592265273086978,0.020204548789191142,0.040409097578382284,4,1
Q2,synthetic_q2_stress_v2,synthetic,32,linear_ar,tempered,1.0,-0.04173119067646322,-0.134734794722099,-0.15380454885234043,0.019069754130241423,0.02400899504422833,0.02400899504422833,2,3
Q2,synthetic_q2_stress_v2,synthetic,32,moving_average,tempered,1.0,-0.06532608106002642,-0.10316898533530906,-0.18708789752855803,0.08391891219324897,0.02253299092712737,0.02253299092712737,3,4
Q2,synthetic_q2_stress_v2,synthetic,32,naive_last,tempered,1.0,-0.03966808699451718,-0.1480126813251541,-0.14233027210887844,-0.005682409216275663,0.025558433586891836,0.025558433586891836,1,2
Q2,synthetic_q2_stress_v2,synthetic,32,noisy_overreactive,tempered,1.0,-0.10015568231304083,-0.36724579916709055,-0.13583360834218683,-0.23141219082490372,0.0335039943967468,0.0335039943967468,4,1
Q2,synthetic_q2_stress_v2,synthetic,33,linear_ar,tempered,0.0,-0.04113341989455992,-0.04113341989455992,-0.04113341989455992,0.0,0.0,0.09630292565734558,2,2
Q2,synthetic_q2_stress_v2,synthetic,33,moving_average,tempered,0.0,-0.06387081557880557,-0.06387081557880557,-0.06387081557880557,0.0,0.0,0.03819988131487082,3,3
Q2,synthetic_q2_stress_v2,synthetic,33,naive_last,tempered,0.0,-0.03881031397160058,-0.03881031397160058,-0.03881031397160058,0.0,0.0,0.1122453217707142,1,1
Q2,synthetic_q2_stress_v2,synthetic,33,noisy_overreactive,tempered,0.0,-0.10131196670026714,-0.07982164757935403,-0.07982164757935403,0.0,0.0,0.3029455240138869,4,4
Q2,synthetic_q2_stress_v2,synthetic,33,linear_ar,tempered,0.25,-0.04113341989455992,-0.0652091513088963,-0.09667852908848279,0.031469377779586485,0.007026168556735993,0.028104674226943974,2,3
Q2,synthetic_q2_stress_v2,synthetic,33,moving_average,tempered,0.25,-0.06387081557880557,-0.07342078590752327,-0.13019536451478061,0.05677457860725735,0.0060011962155947255,0.024004784862378902,3,4
Q2,synthetic_q2_stress_v2,synthetic,33,naive_last,tempered,0.25,-0.03881031397160058,-0.06687164441427912,-0.08568178418335769,0.018810139769078568,0.0076420858672463675,0.03056834346898547,1,2
Q2,synthetic_q2_stress_v2,synthetic,33,noisy_overreactive,tempered,0.25,-0.10131196670026714,-0.15555802858282577,-0.07742045186275792,-0.07813757672006785,0.011958239936627459,0.047832959746509834,4,1
Q2,synthetic_q2_stress_v2,synthetic,33,linear_ar,tempered,0.5,-0.04113341989455992,-0.08928488272323269,-0.1164020263980897,0.027117143674857014,0.013057065469556687,0.026114130939113373,2,3
Q2,synthetic_q2_stress_v2,synthetic,33,moving_average,tempered,0.5,-0.06387081557880557,-0.08297075623624096,-0.1491179675648454,0.06614721132860445,0.011641320118379673,0.023282640236759345,3,4
Q2,synthetic_q2_stress_v2,synthetic,33,naive_last,tempered,0.5,-0.03881031397160058,-0.09493297485695767,-0.10459993208713003,0.009666957230172357,0.014067948020985793,0.028135896041971586,1,2
Q2,synthetic_q2_stress_v2,synthetic,33,noisy_overreactive,tempered,0.5,-0.10131196670026714,-0.23129440958629746,-0.09790835113665111,-0.13338605844964635,0.020724914761420674,0.04144982952284135,4,1
Q2,synthetic_q2_stress_v2,synthetic,33,linear_ar,tempered,1.0,-0.04113341989455992,-0.13743634555190548,-0.15325713996624732,0.015820794414341838,0.023676044070258296,0.023676044070258296,2,3
Q2,synthetic_q2_stress_v2,synthetic,33,moving_average,tempered,1.0,-0.06387081557880557,-0.10207069689367639,-0.184870411455582,0.08279971456190562,0.022156908161767675,0.022156908161767675,3,4
Q2,synthetic_q2_stress_v2,synthetic,33,naive_last,tempered,1.0,-0.03881031397160058,-0.15105563574231476,-0.14016267111169078,-0.010892964630623975,0.02503874687540202,0.02503874687540202,1,2
Q2,synthetic_q2_stress_v2,synthetic,33,noisy_overreactive,tempered,1.0,-0.10131196670026714,-0.382767171593241,-0.1348811234609708,-0.24788604813227016,0.03388515457395634,0.03388515457395634,4,1
Q2,synthetic_q2_stress_v2,synthetic,34,linear_ar,tempered,0.0,-0.04047386889745034,-0.04047386889745034,-0.04047386889745034,0.0,0.0,0.09680695764318732,2,2
Q2,synthetic_q2_stress_v2,synthetic,34,moving_average,tempered,0.0,-0.06835406459175694,-0.06835406459175694,-0.06835406459175694,0.0,0.0,0.037422846489162935,3,3
Q2,synthetic_q2_stress_v2,synthetic,34,naive_last,tempered,0.0,-0.036726976775633295,-0.036726976775633295,-0.036726976775633295,0.0,0.0,0.1062195948851531,1,1
Q2,synthetic_q2_stress_v2,synthetic,34,noisy_overreactive,tempered,0.0,-0.08776168914275871,-0.07054716629680455,-0.07054716629680455,0.0,0.0,0.2821408266607047,4,4
Q2,synthetic_q2_stress_v2,synthetic,34,linear_ar,tempered,0.25,-0.04047386889745034,-0.06467560830824717,-0.1006394680743961,0.03596385976614892,0.007250330815962736,0.029001323263850944,2,3
Q2,synthetic_q2_stress_v2,synthetic,34,moving_average,tempered,0.25,-0.06835406459175694,-0.07770977621404769,-0.13825079590634898,0.06054101969230129,0.00620806551684271,0.02483226206737084,3,4
Q2,synthetic_q2_stress_v2,synthetic,34,naive_last,tempered,0.25,-0.036726976775633295,-0.06328187549692156,-0.09018202888879588,0.02690015339187432,0.007670001450236609,0.030680005800946437,1,2
Q2,synthetic_q2_stress_v2,synthetic,34,noisy_overreactive,tempered,0.25,-0.08776168914275871,-0.14108237296198076,-0.07905394145564067,-0.06202843150634009,0.01175640461746334,0.04702561846985336,4,1
Q2,synthetic_q2_stress_v2,synthetic,34,linear_ar,tempered,0.5,-0.04047386889745034,-0.088877347719044,-0.12115939657412407,0.03228204885508007,0.013583039587297981,0.027166079174595962,2,3
Q2,synthetic_q2_stress_v2,synthetic,34,moving_average,tempered,0.5,-0.06835406459175694,-0.08706548783633841,-0.15791376037020127,0.07084827253386286,0.012044936319972463,0.024089872639944925,3,4
Q2,synthetic_q2_stress_v2,synthetic,34,naive_last,tempered,0.5,-0.036726976775633295,-0.08983677421820983,-0.10995317899804738,0.020116404779837546,0.014242961938077104,0.028485923876154208,1,2
Q2,synthetic_q2_stress_v2,synthetic,34,noisy_overreactive,tempered,0.5,-0.08776168914275871,-0.2116175796271569,-0.10035162778350466,-0.11126595184365225,0.020550339123809568,0.041100678247619135,4,1
Q2,synthetic_q2_stress_v2,synthetic,34,linear_ar,tempered,1.0,-0.04047386889745034,-0.13728082654063767,-0.1595973326577888,0.022316506117151136,0.02477514922786349,0.02477514922786349,2,3
Q2,synthetic_q2_stress_v2,synthetic,34,moving_average,tempered,1.0,-0.06835406459175694,-0.10577691108091988,-0.19505863010123856,0.08928171902031867,0.02289412764566016,0.02289412764566016,3,4
Q2,synthetic_q2_stress_v2,synthetic,34,naive_last,tempered,1.0,-0.036726976775633295,-0.1429465716607864,-0.1473460876102886,0.00439951594950222,0.025760436372116943,0.025760436372116943,1,2
Q2,synthetic_q2_stress_v2,synthetic,34,noisy_overreactive,tempered,1.0,-0.08776168914275871,-0.35268799295750936,-0.13911457476554615,-0.2135734181919632,0.03410413889812226,0.03410413889812226,4,1
Q2,synthetic_q2_stress_v2,synthetic,35,linear_ar,tempered,0.0,-0.040303597656331513,-0.040303597656331513,-0.040303597656331513,0.0,0.0,0.09481987159628683,2,2
Q2,synthetic_q2_stress_v2,synthetic,35,moving_average,tempered,0.0,-0.06215574728529149,-0.06215574728529149,-0.06215574728529149,0.0,0.0,0.03805705230852143,3,3
Q2,synthetic_q2_stress_v2,synthetic,35,naive_last,tempered,0.0,-0.037923302484140935,-0.037923302484140935,-0.037923302484140935,0.0,0.0,0.11207085396545473,1,1
Q2,synthetic_q2_stress_v2,synthetic,35,noisy_overreactive,tempered,0.0,-0.10214542341740028,-0.08576505264714508,-0.08576505264714508,0.0,0.0,0.30918311093240713,4,4
Q2,synthetic_q2_stress_v2,synthetic,35,linear_ar,tempered,0.25,-0.040303597656331513,-0.06400856555540321,-0.09481380722611536,0.03080524167071215,0.0070764775037355275,0.02830591001494211,2,3
Q2,synthetic_q2_stress_v2,synthetic,35,moving_average,tempered,0.25,-0.06215574728529149,-0.07167001036242186,-0.12813456829315253,0.05646455793073067,0.006007444384061182,0.024029777536244728,3,4
Q2,synthetic_q2_stress_v2,synthetic,35,naive_last,tempered,0.25,-0.037923302484140935,-0.06594101597550461,-0.08415189086968174,0.018210874894177123,0.007779188269888135,0.03111675307955254,1,2
Q2,synthetic_q2_stress_v2,synthetic,35,noisy_overreactive,tempered,0.25,-0.10214542341740028,-0.16306083038024685,-0.07518750701100178,-0.08787332336924507,0.012278411525626497,0.04911364610250599,4,1
Q2,synthetic_q2_stress_v2,synthetic,35,linear_ar,tempered,0.5,-0.040303597656331513,-0.08771353345447493,-0.11434301845695852,0.02662948500248359,0.013109142579251184,0.02621828515850237,2,3
Q2,synthetic_q2_stress_v2,synthetic,35,moving_average,tempered,0.5,-0.06215574728529149,-0.0811842734395522,-0.1470135553640226,0.0658292819244704,0.011618366951035084,0.023236733902070168,3,4
Q2,synthetic_q2_stress_v2,synthetic,35,naive_last,tempered,0.5,-0.037923302484140935,-0.09395872946686831,-0.10306420383994284,0.009105474373074532,0.014245596544278014,0.02849119308855603,1,2
Q2,synthetic_q2_stress_v2,synthetic,35,noisy_overreactive,tempered,0.5,-0.10214542341740028,-0.2403566081133486,-0.09576450071738422,-0.1445921073959644,0.02134266434341655,0.0426853286868331,4,1
Q2,synthetic_q2_stress_v2,synthetic,35,linear_ar,tempered,1.0,-0.040303597656331513,-0.1351234692526183,-0.15078386398179522,0.015660394729176907,0.023644704473675827,0.023644704473675827,2,3
Q2,synthetic_q2_stress_v2,synthetic,35,moving_average,tempered,1.0,-0.06215574728529149,-0.10021279959381293,-0.18265944896803626,0.08244664937422333,0.02209626853714868,0.02209626853714868,3,4
Q2,synthetic_q2_stress_v2,synthetic,35,naive_last,tempered,1.0,-0.037923302484140935,-0.14999415644959566,-0.13848605288237556,-0.011508103567220096,0.02517968824901797,0.02517968824901797,1,2
Q2,synthetic_q2_stress_v2,synthetic,35,noisy_overreactive,tempered,1.0,-0.10214542341740028,-0.39494816357955215,-0.1328693036946965,-0.2620788598848557,0.034929284932898416,0.034929284932898416,4,1
Q2,synthetic_q2_stress_v2,synthetic,36,linear_ar,tempered,0.0,-0.03762862917211544,-0.03762862917211544,-0.03762862917211544,0.0,0.0,0.09215740326673752,2,2
Q2,synthetic_q2_stress_v2,synthetic,36,moving_average,tempered,0.0,-0.06165578872792189,-0.06165578872792189,-0.06165578872792189,0.0,0.0,0.03697424962822045,3,3
Q2,synthetic_q2_stress_v2,synthetic,36,naive_last,tempered,0.0,-0.035088227742354795,-0.035088227742354795,-0.035088227742354795,0.0,0.0,0.10574300228864296,1,1
Q2,synthetic_q2_stress_v2,synthetic,36,noisy_overreactive,tempered,0.0,-0.08951986983203285,-0.07445091103663254,-0.07445091103663254,0.0,0.0,0.28272072347812516,4,4
Q2,synthetic_q2_stress_v2,synthetic,36,linear_ar,tempered,0.25,-0.03762862917211544,-0.060667979988799824,-0.09373098067101582,0.033063000682215994,0.006949862501520318,0.02779945000608127,2,3
Q2,synthetic_q2_stress_v2,synthetic,36,moving_average,tempered,0.25,-0.06165578872792189,-0.070899351134977,-0.1281164808206504,0.05721712968567341,0.006120050420497547,0.024480201681990187,3,4
Q2,synthetic_q2_stress_v2,synthetic,36,naive_last,tempered,0.25,-0.035088227742354795,-0.061523978314515546,-0.08326773239803614,0.021743754083520597,0.007453273786726165,0.02981309514690466,1,2
Q2,synthetic_q2_stress_v2,synthetic,36,noisy_overreactive,tempered,0.25,-0.08951986983203285,-0.14513109190616383,-0.07213269068308696,-0.07299840122307687,0.011121512768353123,0.04448605107341249,4,1
Q2,synthetic_q2_stress_v2,synthetic,36,linear_ar,tempered,0.5,-0.03762862917211544,-0.08370733080548419,-0.1135301365044381,0.029822805698953916,0.013026293627146414,0.02605258725429283,2,3
Q2,synthetic_q2_stress_v2,synthetic,36,moving_average,tempered,0.5,-0.06165578872792189,-0.08014291354203211,-0.14726243743347803,0.06711952389144592,0.011844613934169091,0.023689227868338183,3,4
Q2,synthetic_q2_stress_v2,synthetic,36,naive_last,tempered,0.5,-0.035088227742354795,-0.08795972888667627,-0.10223800503628769,0.014278276149611413,0.01383187187031904,0.02766374374063808,1,2
Q2,synthetic_q2_stress_v2,synthetic,36,noisy_overreactive,tempered,0.5,-0.08951986983203285,-0.21581127277569515,-0.09224016992050624,-0.12357110285518891,0.019565745655528943,0.039131491311057885,4,1
Q2,synthetic_q2_stress_v2,synthetic,36,linear_ar,tempered,1.0,-0.03762862917211544,-0.12978603243885295,-0.1508632049238871,0.021077172485034157,0.023925805087554607,0.023925805087554607,2,3
Q2,synthetic_q2_stress_v2,synthetic,36,moving_average,tempered,1.0,-0.06165578872792189,-0.09863003835614234,-0.183693345605089,0.08506330724894665,0.02264135625033315,0.02264135625033315,3,4
Q2,synthetic_q2_stress_v2,synthetic,36,naive_last,tempered,1.0,-0.035088227742354795,-0.14083123003099776,-0.13830141818457464,-0.002529811846423119,0.025020659758011196,0.025020659758011196,1,2
Q2,synthetic_q2_stress_v2,synthetic,36,noisy_overreactive,tempered,1.0,-0.08951986983203285,-0.3571716345147577,-0.1290064802260738,-0.2281651542886839,0.03245375244072682,0.03245375244072682,4,1
Q2,synthetic_q2_stress_v2,synthetic,37,linear_ar,tempered,0.0,-0.04095455950922835,-0.04095455950922835,-0.04095455950922835,0.0,0.0,0.09260351350737558,2,2
Q2,synthetic_q2_stress_v2,synthetic,37,moving_average,tempered,0.0,-0.06310292117305207,-0.06310292117305207,-0.06310292117305207,0.0,0.0,0.037093367376866616,3,3
Q2,synthetic_q2_stress_v2,synthetic,37,naive_last,tempered,0.0,-0.038459026734918536,-0.038459026734918536,-0.038459026734918536,0.0,0.0,0.10811231414487936,1,1
Q2,synthetic_q2_stress_v2,synthetic,37,noisy_overreactive,tempered,0.0,-0.09840693748744234,-0.08191152914749392,-0.08191152914749392,0.0,0.0,0.2893906550077779,4,4
Q2,synthetic_q2_stress_v2,synthetic,37,linear_ar,tempered,0.25,-0.04095455950922835,-0.06410543788607226,-0.09591865107726247,0.03181321319119021,0.006936796041657189,0.027747184166628757,2,3
Q2,synthetic_q2_stress_v2,synthetic,37,moving_average,tempered,0.25,-0.06310292117305207,-0.07237626301726872,-0.13042740632019684,0.05805114330292811,0.006062508065340842,0.02425003226136337,3,4
Q2,synthetic_q2_stress_v2,synthetic,37,naive_last,tempered,0.25,-0.038459026734918536,-0.06548710527113837,-0.08579315749781019,0.020306052226671825,0.007619875109725383,0.030479500438901533,1,2
Q2,synthetic_q2_stress_v2,synthetic,37,noisy_overreactive,tempered,0.25,-0.09840693748744234,-0.15425919289943837,-0.07625481604828475,-0.07800437685115362,0.011729532052902173,0.04691812821160869,4,1
Q2,synthetic_q2_stress_v2,synthetic,37,linear_ar,tempered,0.5,-0.04095455950922835,-0.08725631626291613,-0.11577342985522729,0.028517113592311155,0.01299919562862602,0.02599839125725204,2,3
Q2,synthetic_q2_stress_v2,synthetic,37,moving_average,tempered,0.5,-0.06310292117305207,-0.08164960486148537,-0.14981831352318856,0.06816870866170319,0.011831724434819798,0.023663448869639597,3,4
Q2,synthetic_q2_stress_v2,synthetic,37,naive_last,tempered,0.5,-0.038459026734918536,-0.09251518380735821,-0.10494738079609782,0.01243219698873961,0.01409276171983733,0.02818552343967466,1,2
Q2,synthetic_q2_stress_v2,synthetic,37,noisy_overreactive,tempered,0.5,-0.09840693748744234,-0.22660685665138286,-0.0967922106568268,-0.12981464599455605,0.02051284153007142,0.04102568306014284,4,1
Q2,synthetic_q2_stress_v2,synthetic,37,linear_ar,tempered,1.0,-0.04095455950922835,-0.1335580730166039,-0.1532203995336682,0.019662326517064288,0.02383427787989589,0.02383427787989589,2,3
Q2,synthetic_q2_stress_v2,synthetic,37,moving_average,tempered,1.0,-0.06310292117305207,-0.10019628854991867,-0.18662037803834555,0.08642408948842688,0.02273095728550733,0.02273095728550733,3,4
Q2,synthetic_q2_stress_v2,synthetic,37,naive_last,tempered,1.0,-0.038459026734918536,-0.1465713408797979,-0.14129854024035982,-0.00527280063943808,0.025396225170646443,0.025396225170646443,1,2
Q2,synthetic_q2_stress_v2,synthetic,37,noisy_overreactive,tempered,1.0,-0.09840693748744234,-0.3713021841552717,-0.13429702850663078,-0.23700515564864094,0.03395033355548785,0.03395033355548785,4,1
Q2,synthetic_q2_stress_v2,synthetic,38,linear_ar,tempered,0.0,-0.03997080761482299,-0.03997080761482299,-0.03997080761482299,0.0,0.0,0.09455550025239896,2,2
Q2,synthetic_q2_stress_v2,synthetic,38,moving_average,tempered,0.0,-0.06520569943379508,-0.06520569943379508,-0.06520569943379508,0.0,0.0,0.03785255873361486,3,3
Q2,synthetic_q2_stress_v2,synthetic,38,naive_last,tempered,0.0,-0.037326145181423874,-0.037326145181423874,-0.037326145181423874,0.0,0.0,0.10883903040999303,1,1
Q2,synthetic_q2_stress_v2,synthetic,38,noisy_overreactive,tempered,0.0,-0.09389854527090266,-0.0766787599689119,-0.0766787599689119,0.0,0.0,0.29038787603576627,4,4
Q2,synthetic_q2_stress_v2,synthetic,38,linear_ar,tempered,0.25,-0.03997080761482299,-0.06360968267792273,-0.09769188247852618,0.03408219980060345,0.006984365510018049,0.027937462040072195,2,3
Q2,synthetic_q2_stress_v2,synthetic,38,moving_average,tempered,0.25,-0.06520569943379508,-0.0746688391171988,-0.13279406159939897,0.05812522248220017,0.006194502465936598,0.02477800986374639,3,4
Q2,synthetic_q2_stress_v2,synthetic,38,naive_last,tempered,0.25,-0.037326145181423874,-0.06453590278392214,-0.08687018117279344,0.022334278388871295,0.007589411334280221,0.030357645337120882,1,2
Q2,synthetic_q2_stress_v2,synthetic,38,noisy_overreactive,tempered,0.25,-0.09389854527090266,-0.1492757289778535,-0.07661687856473444,-0.07265885041311905,0.011584870850806294,0.046339483403225176,4,1
Q2,synthetic_q2_stress_v2,synthetic,38,linear_ar,tempered,0.5,-0.03997080761482299,-0.0872485577410225,-0.11771787588884858,0.03046931814782608,0.013090837715667648,0.026181675431335295,2,3
Q2,synthetic_q2_stress_v2,synthetic,38,moving_average,tempered,0.5,-0.06520569943379508,-0.08413197880060251,-0.15219656942007517,0.06806459061947266,0.01199044640945851,0.02398089281891702,3,4
Q2,synthetic_q2_stress_v2,synthetic,38,naive_last,tempered,0.5,-0.037326145181423874,-0.09174566038642039,-0.10618086188374559,0.014435201497325204,0.014084728733736515,0.02816945746747303,1,2
Q2,synthetic_q2_stress_v2,synthetic,38,noisy_overreactive,tempered,0.5,-0.09389854527090266,-0.22187269798679504,-0.09727512552686536,-0.12459757245992968,0.020254239586509366,0.04050847917301873,4,1
Q2,synthetic_q2_stress_v2,synthetic,38,linear_ar,tempered,1.0,-0.03997080761482299,-0.13452630786722194,-0.15534371908691155,0.020817411219689608,0.023916444515727157,0.023916444515727157,2,3
Q2,synthetic_q2_stress_v2,synthetic,38,moving_average,tempered,1.0,-0.06520569943379508,-0.10305825816740993,-0.18907532152393222,0.08601706335652229,0.022843854763110728,0.022843854763110728,3,4
Q2,synthetic_q2_stress_v2,synthetic,38,naive_last,tempered,1.0,-0.037326145181423874,-0.1461651755914169,-0.1427565964263369,-0.00340857916508,0.02534202989062674,0.02534202989062674,1,2
Q2,synthetic_q2_stress_v2,synthetic,38,noisy_overreactive,tempered,1.0,-0.09389854527090266,-0.3670666360046782,-0.13479733867225469,-0.23226929733242352,0.03332670675037592,0.03332670675037592,4,1
Q2,synthetic_q2_stress_v2,synthetic,39,linear_ar,tempered,0.0,-0.03824570673687197,-0.03824570673687197,-0.03824570673687197,0.0,0.0,0.09078469660628305,2,2
Q2,synthetic_q2_stress_v2,synthetic,39,moving_average,tempered,0.0,-0.06281423429656179,-0.06281423429656179,-0.06281423429656179,0.0,0.0,0.03551322798329144,3,3
Q2,synthetic_q2_stress_v2,synthetic,39,naive_last,tempered,0.0,-0.03621634105845343,-0.03621634105845343,-0.03621634105845343,0.0,0.0,0.1025489626530212,1,1
Q2,synthetic_q2_stress_v2,synthetic,39,noisy_overreactive,tempered,0.0,-0.09435291220807372,-0.07574377034873173,-0.07574377034873173,0.0,0.0,0.27838728306390476,4,4
Q2,synthetic_q2_stress_v2,synthetic,39,linear_ar,tempered,0.25,-0.03824570673687197,-0.06094188088844273,-0.09356480110253097,0.03262292021408824,0.006934289115099942,0.02773715646039977,2,3
Q2,synthetic_q2_stress_v2,synthetic,39,moving_average,tempered,0.25,-0.06281423429656179,-0.07169254129238463,-0.12835899042111745,0.056666449128732824,0.0060056594022981896,0.024022637609192758,3,4
Q2,synthetic_q2_stress_v2,synthetic,39,naive_last,tempered,0.25,-0.03621634105845343,-0.06185358172170873,-0.08397402269825978,0.022120440976551047,0.007461948765725888,0.02984779506290355,1,2
Q2,synthetic_q2_stress_v2,synthetic,39,noisy_overreactive,tempered,0.25,-0.09435291220807372,-0.14534059111470793,-0.07469505624100349,-0.07064553487370444,0.011207924326870374,0.044831697307481495,4,1
Q2,synthetic_q2_stress_v2,synthetic,39,linear_ar,tempered,0.5,-0.03824570673687197,-0.08363805504001348,-0.113002398849216,0.02936434380920251,0.012951378702340095,0.02590275740468019,2,3
Q2,synthetic_q2_stress_v2,synthetic,39,moving_average,tempered,0.5,-0.06281423429656179,-0.0805708482882075,-0.14700876859803888,0.06643792030983138,0.011652085138314927,0.023304170276629853,3,4
Q2,synthetic_q2_stress_v2,synthetic,39,naive_last,tempered,0.5,-0.03621634105845343,-0.08749082238496404,-0.10268755213334942,0.015196729748385374,0.013851857306289015,0.02770371461257803,1,2
Q2,synthetic_q2_stress_v2,synthetic,39,noisy_overreactive,tempered,0.5,-0.09435291220807372,-0.2149374118806841,-0.09485302218282458,-0.12008438969785952,0.019772534273261776,0.03954506854652355,4,1
Q2,synthetic_q2_stress_v2,synthetic,39,linear_ar,tempered,1.0,-0.03824570673687197,-0.12903040334315502,-0.14932869589496817,0.020298292551813146,0.02358876784613986,0.02358876784613986,2,3
Q2,synthetic_q2_stress_v2,synthetic,39,moving_average,tempered,1.0,-0.06281423429656179,-0.09832746227985321,-0.18229604499343185,0.08396858271357864,0.022297960384527634,0.022297960384527634,3,4
Q2,synthetic_q2_stress_v2,synthetic,39,naive_last,tempered,1.0,-0.03621634105845343,-0.13876530371147464,-0.13783030435509655,-0.0009349993563780856,0.024839165075284896,0.024839165075284896,1,2
Q2,synthetic_q2_stress_v2,synthetic,39,noisy_overreactive,tempered,1.0,-0.09435291220807372,-0.3541310534126365,-0.1314664126638653,-0.2226646407487712,0.032951861278394626,0.032951861278394626,4,1
